comment_text,pseudo_label,confidence_score
ingat yang menawari pendidikan gratis dan internet gratis lalu orang goblok di indonesia nyinyir,negatif,0.9991602897644043
mungkin ada sabotase karena jika dari pihak donatur tidak mungkin lalu jika pihak yang masak itu makanan juga tidak mungkin karena jika asalnya dari tempat masaknya kenapa tidak semuanya yang kena hanya sebagian besar saja,negatif,0.9480845928192139
tidak pejabat nyaga rakyatnya korupsi terus anjing,negatif,0.9992232322692871
bagaimana kalau sebenarnya ini jebakan sih gemoy jadi dia bikin program begini biar nangkep para orang orang korupsi,negatif,0.9993751645088196
wow mie gacoan bergizi katanya,positif,0.9986428618431091
rakyat saja korupsi bzirr pemerintah rakyat sama saja,negatif,0.9990444779396057
itu semangka sudah setipis silet ingin gigit pun takut lidah sendiri yang kegigit,negatif,0.9656758904457092
kalau aku pun ogah biarpun gratis takutnya bahan makanan paling dibeli paling murah takutnya sakit perut makannya tidak seberapa harganya bikin berobat rumah sakit yang mahal,negatif,0.9904927611351013
ya mana bisa seperti begitu kamu makanannya diasiap kan sih sekolah ya hharua sekolah lah yang tanggung jawab,negatif,0.9210106134414673
banyak kasus keracunan bikin orang tua siswa trauma pemerintah tidak mau tanggung jawab kampret,negatif,0.9988484382629395
jelas disunat lah,negatif,0.9941377639770508
ingat ya mbg itu seperti bukan singkatan dari makan bergizi gratis melainkan makan beracun gratis anjing aku kasih tau buktinya rambut di nasi pelit sekali makanannya bau amis tercium makanan kotor makanan dari hewan buas membuat mbg basi seranggaserangga hinggap di beberapa makanan ini apa coba bahkan pas september kemarin ya itu demo di gedung dprd lah sekarang demo mbg anjing sudah terbukti mbg itu bukan makan bergizi gratis melainkan makan beracun gratis ya walaupun masih ada mbg yang enak sehat dan tidak pelit,negatif,0.9978417158126831
orang ngehate mah kakak mana mau mikir yang bagus najis,negatif,0.9991102814674377
program konyol sudah di kasih tau dari awal masih saja dipilih guoblok,negatif,0.9994468092918396
orang baikmakan bergizi gratis aku bilekmakan beracun gratis,positif,0.9980564713478088
sekolah aku pernah dapat richeese bang,positif,0.9846981167793274
oh hanya makanan biasauburubur benyekkotoran ikan pauskotoran kuda laut sedikit remasan karet jangkar,negatif,0.9944614171981812
kalau anak orang mampu tidak usah mbg makanan di rumah lebih enak memberi anak orang mampu seperti menggarami laut buang buang uang,positif,0.9597102999687195
tidak keracunan maksudnya,positif,0.9960646033287048
umkm di indonesia sedang diuji rezeki ya,netral,0.974202573299408
pemainnya banyak saling melindungi jadinya,positif,0.9442746043205261
semangka macam apa itu,negatif,0.9919295310974121
ya uang anggaran dikorupsi lagi tapi tidak mungkin lah masa rakyatnya hina hina pejabat yang korupsi masa rakyat juga diam diam ikut ikut korupsi,negatif,0.9994125366210938
dari mulai virus covid libur panjang sampai goblok lanjut virus tiktok yang bikin bodoh sekarang racun mbg bikin skarat anak generasi pnerus di geprek sampai mati,negatif,0.9994733929634094
omong serius ikan hiu beracun,negatif,0.9982795715332031
b untuk beracun,negatif,0.9982635378837585
dikira kita kanibal apa di sekolahlah ku juga ada sih,negatif,0.9983603358268738
sehat sempurna sehat sekarat,positif,0.9990449547767639
lah jam istirahat aku sama jam istirahat kedua disekolah aku jam istirahat kesatu ada spaghetti seblak burger kebab sama tempe mendoan dan setiap jam istirahat kedua itu bukan dari mbg tapi menunya bisa saja seperti nasi goreng memang agak lain sekolah aku beda dari lain dan itu didirikan sebelum ada mbg berarti mbg tidak gagal hanya semua orang tidak bisa makan mbg bukan tidak bisa ya tapi seperti keracunan itu harus dilihat lagi menunya bahkan nasinya bisa pilih mau banyak apa dikit,positif,0.9732133746147156
bagusan bagi bagi nasi padang,positif,0.9283338785171509
gacoan bagus ha,positif,0.9981984496116638
ikan hiujan salahkan aku anjing omong kamu tau kalidawir di tulungagung eh aku di tulungagung loh tapi sekolah ku tidak disitu,negatif,0.9991735816001892
tapi makanan aku aman kok aku tidak bermaksud ya hehe,positif,0.9856600761413574
wah tulungagung kota aku itu,positif,0.9528623819351196
bersyukur di sekolah aku dapat mbg yang berkualitas,positif,0.9974887371063232
diamdiam pemerintah membunuh generasi muda dengan meracuni makanan mereka negara sebesar amerika serikat dan rusia tidak seperti di konoha ini,negatif,0.9993103742599487
kalau lewat sppg di korupsi kalau dikasih uang ke orang tua dipakai depo judol beli rokok dsb,negatif,0.9672992825508118
mie gacoan mbg,negatif,0.9978848099708557
tempat aku seperti babi apaan minggu penuh telur rebus sama nasi minimal kalau sudah dikasih telur dikasih susu seperti ini tahu anjing,negatif,0.9129742383956909
tae mengakak makan beracun gratis,negatif,0.9871264100074768
tidak tidak makan gacoan ingat ya ini makan grati bergizi jangan karena embel kelihatan makanannya enam tapi tidak ada gizinya sesuai aturan definisi memperbaiki gizi anak jangan mau nurutin minta anak yang gaya makannya sudah dominan dengan fast food dan tepung,negatif,0.9806056618690491
kok sekarang beda sama dulu,negatif,0.9856098294258118
dipotong pastinya itu,negatif,0.9859201312065125
bagus apanya mbg itu orang anggaran kepentingan lain yang jauh lebih penting jadi dipangkas gara gara mbg cegah stunting cegah stunting mah waktu masih hamil dan waktu masih bayi kalau cegah stunting buat anak sdsma ya sudah telat belum lagi kasus sudah ribuan yang keracunan tidak ada satupun yang diusut,negatif,0.9988194108009338
intinya begini bro setiap ada program pasti akan ada cela buat di korupsi,negatif,0.9966481328010559
bejir ikan hiu goreng,positif,0.9304244518280029
efek yang mengelolanya bukan orang yang ahli di bidangnya,negatif,0.9901414513587952
kenapa ya belum dengar sanksi bagi pemilik dapur mbg yang buat keracunan pelajar enak benar padahal sudah terjadi dimana meminta maaf tidak dengar apalagi ganti rugi tidak tidak dengar,negatif,0.999147891998291
biasanya pelaksana ini ada sodara dari pemerintah setempat bisa saja sodaranya dprdkepala dinas dsb sekalian ngambil untung,netral,0.9926250576972961
mbg makan bergizi gratis salah mrg makan racun gratis benar,netral,0.9884045124053955
alhamdulilah sekolah aku sampai hari ini aman aman saja,positif,0.9940897226333618
sebagai orang asli kalidawir aku bangga,positif,0.9962595701217651
itutamler besi ya kakak ada kimiya ya kakak mangkan ya beracun,negatif,0.9922304749488831
makan bergizi gratis makan beracun gratis,positif,0.9554702043533325
kalian dapat mbg aku dapat mi ayam,netral,0.9504218697547913
disekolah aku mbg penuh cemilan diabetes anjing,netral,0.992821991443634
sekolah aku kok tidak seperti sppg,negatif,0.9956808090209961
sebenarnya hiu boleh dimakan bangkarna menurut ajaran islam ikan hiu itu boleh dimakan karena islam menghalalkan memakan makanan yang hanya hidup di laut dan itu semua dan ikan paus pun boleh dimakan namun kenapa tidak ada orang yang makan ikan hiu dikarenakan populasi mereka yang sangat sedikit hal itu membuat orang orang termasuk kita tidak memakan hewan laut itu jadi kakak issei tidak perlu panik karena ikan hiu itu bileh dimakan,positif,0.9141927361488342
a href ğŒğğğ€ ğƒ terima kasih buat pengalaman seru ceritanya bikin mikir visualnya keren habis,positif,0.9992061257362366
mbg makan bergizi gratis mbgmakan beracun gratis,netral,0.9782514572143555
makan bergizi gratis,positif,0.9981789588928223
lah aku kira mbg makan beracun gratis ternyata aku salah selama ini,negatif,0.9889016151428223
ini ada yang mau cuci uang dari program pemerintah dari vendornya itu yang salah disisi lain ada yang ingin manjatuhkan program ini dengan merusak kepercayaan masyarakat,negatif,0.9990781545639038
aku di kasih juga ogaah masih sayang nyawa,positif,0.9624265432357788
aku sekolah ya ada belatung mbg sama dengan makan belatung gratis sekolah sd santo aloysius pas itu aku makan burger kejunya ada belatung anjing cek saja sudah sekolahnya,negatif,0.9719573259353638
untung saja di sekolah aku boleh bawa bekel sendiri jadi tidak akan makan mbg,positif,0.9848396182060242
korupsi pekerja mbgnya,negatif,0.9986188411712646
kalau yang mbg ikan hiu mah tidak heran karena sudah banyak makanan yang di bikin pakai ikan hiu yang bikin heran itu potongan semangka yang setipis kertas,positif,0.9937180280685425
anjing hiu goreng ngawur akwkwk berapa merkurinya,negatif,0.9993190765380859
aduh indonesia kekurangan orang jujur jir kesal,negatif,0.9993595480918884
mbg makan bahaya gratis,negatif,0.942084550857544
percuma program bagus kalau rakyatnya bodoh semua mau ambil keuntungan,negatif,0.9992554783821106
muka orang di akhir itu mirip agus buntung,negatif,0.9843250513076782
aku di mbg dapat kraby patty,netral,0.9859325289726257
kaget lihat bacgroundnya,negatif,0.9984275102615356
makanan bergizi gratis no makanan beracun gratis iya,netral,0.9345131516456604
seperti ya dpr mau indonesia jadi cemas,negatif,0.9960771203041077
mie gacoan sebenarnya menyalahi aturan apakah bergizi itu mie gacoan walaupun tidak beracun tapi tidak ada gizinya,negatif,0.9899420738220215
semangka gratis juma atan kayaknya lebih mending,positif,0.9529375433921814
kakak tadi di sekolah aku dapat mbg teman aku sayurnya ada ulat ya,netral,0.9969680905342102
bang aku hampir menangis karena aku sudah tau kejadian ini di kalbar sama sekolahkuuu,negatif,0.9600445628166199
aduh kayaknya dana mbg mungkin di korupsi sama orang orang dapur,negatif,0.9989004135131836
tapi serius sudah kok bisa sih presiden tidak notis ini ini banyak sekali kasusnya tapi seperti tidak pernah dengar kalau ada kasus seperti begini,negatif,0.9984943866729736
kalau malaysia di sini rmt,netral,0.9990836381912231
kakak itu mbc ya baru di sekolah negeri,netral,0.9822576642036438
prawowonya bego kakak,negatif,0.998593270778656
memang ingin ya gaji buta doang,negatif,0.9985490441322327
kok tebalan kertas hvs daripada semangkanya,negatif,0.9993144273757935
mmakanan bbelatung tidak gratis,negatif,0.9981789588928223
mbgmaka beracun gratis,negatif,0.9846845269203186
mbgk makanan bergizi gratis keracunan,netral,0.9552491307258606
ğŒğğğ€ ğƒ bikin hari lebih seru ceritanya hubung sekali hadiahnya bikin semangat,positif,0.9992094039916992
mbg di daerah kalian dikasih tiap hari apa seminggu sekali di tempatku hanya minggu sekali,netral,0.9921718835830688
punya aku belum mbg sumpah,negatif,0.9982503056526184
aku termasuk yang keracunan,negatif,0.9779328107833862
lah aku hari dapat mbg di kasih makanan basi,negatif,0.9874151349067688
masih bersyukur di kasih semangka tipis sudah gratismasih mau ukuran besar kah,positif,0.9896771907806396
eh kakak memang banyak apa korban ya sekolah aku mah tidak ada korban pun perasaan tidak ada keracunan malah keraperann,negatif,0.9788999557495117
makan bergizi gratis makan asal itu gratis,netral,0.9569538831710815
aku lebih ikhlas jika dana ya dialokasikan untuk membangun jalan atau fasilitas umum daripada berahir untuk pakan ternakdan dimakan koruptorjuga banyak siswa yang tidk bersukur dan memilih membuang makanannya,negatif,0.9986518025398254
tidak ada kata bagus kalau banyak anakÂ² keracunan kakak,negatif,0.9987441301345825
tidak pejabat tidak rakyat semua sama saja ada pekerjaan malah dikorup aduh bagaimana ya mau bilang pasti nanti ada yang bilang buzer kamu dukung pemerintah begini gutu blablabla jadi begini lo semua kira pengurus mbg itu dimabil dari pemerintah ya tidak lah kocak itu saja tukang catringnya juga berasal dari masyarakat nah kalau ada makanan mbg yang menunya jelek ya salahkan tukang catringnya bukan presiden logikanya saja ke begini presiden mengasih kebijakan pada orang yang bisa dibilang pengurus mbg uangnya pasti adil dong tapi mengapa setiap sekolah menu mbgnya ada yang benaran sehat dan bergisi namun ada juga yang makanannya hanya telur goreng sebiji terus nasi hanya sekali suap nah sudah bisa ditebak yang salah mana pastinya tukang catring mbg ya jujur aku siswa sama dengan uang saku ke perhari dengan adanya mbg ini uang saku aku bisa kugunakan untuk membeli makanan lain bahkan masih sisa walaupun menunya bisa dibilang tidak beraturan kadang makanannya enak dan bergisi kadang juga makanannya biasa saja bahkan bisa dibilang kurang enak,negatif,0.9982170462608337
salah fokus sama gambar mi,negatif,0.9975864887237549
di kalimantan malah lebih parah ada teman yang bilang daging ya bercacing,negatif,0.9992446899414062
makan beracun gratis reflek bilang mantap,positif,0.9880663156509399
sarat manjadi anggota dpr divisi lll suara jadi jumlah keracunan sudah cukup memilih anggota dpr,netral,0.998488187789917
dahlah ini negara majunya pas di zaman era presiden doang,positif,0.972379744052887
terimakasih yang sudah likee ğ‘¨ğ‘´ğ‘©ğ‘°ğ‘³ğƒ tidak akan mati,positif,0.9836591482162476
ini bagi aku ya aku tidak tau yang lain mikir begini juga apa tidak kayaknya di sengaja tidak sih kan mbg kan pasti uang ya keluar gede sekali tidak siehh mana tau di sengaja buat gimik baru itu ngebuat mbg di berhentikan begitu tapi tidak tau ya aku tidak mau menuduh pemerintah karena mbg berdampak sekali banyak anak sekolah senang karena dapat mbg jadi para ibu tidak perlu buat bekel pagi pagi,negatif,0.9827447533607483
di korupsi pastilah,negatif,0.9992241859436035
mbg ku ayam geprek sama buah anggur enak anjing soalnya ibu aku tau kan ibu aku kerja di badan nasional badan gizi,positif,0.99273681640625
ini program ajang korupsi tinggal tunggu saja dikorup berapa t,negatif,0.9979662895202637
kayaknya orang dapur sudah pada muak deh,negatif,0.9994422793388367
syarat hidup di indonesia jangan mudah percaya siapapun khususnya pemerintah lebih detailnya ya dpr ketua ya saja pidato masih gagap apa lagi anggotanya akwokaoqkaow,negatif,0.9886420369148254
di sini ketemu yang basi gajadi diantar ke sekolah sekolah kemarin di sekolah aku mbg ya gajadi diantar gara ada yang basi,negatif,0.9932408332824707
alhamdulilah di sekolah aku jateng makanannya berkualitas dan yang mengurus tidak korupsi,positif,0.999142050743103
memang dasarnya standar gandaga mau dapat pemimpin yang korupsipas dapat uang gede dikit langsung jadi musangmereka bukan marah gara gara korupsitapi tidak kebagian hasil korupsikalo ingin pemimpin yang jujur menurut aku pilih pemimpin yang mengadakan bansostiba tiba dengan alasankalian terima saja bansosnya terus cari kandidat lain yang tidak mengadakan acara gede pas mau nyalon,negatif,0.9979738593101501
kalau boleh nebak sih sengaja dibiarkan biar mbg ini jadi punya alasan untuk di berhenti biar anggaran bisa di alihkan,negatif,0.9846816062927246
tidak sampai mbg ke tempat sini katanya dana belum turun,negatif,0.9943674206733704
kakak di papua hanya makan ikan nasi sayur tapi tidak enak sekali ini habis itu ayam sayur itu saja habis itu ayam,negatif,0.9538877606391907
semangka tipis setipis iphone ajr,netral,0.9083361625671387
semangkanya dipotong korupsi makanya jadi tipis begitu,negatif,0.9987177848815918
kaget anjing lihat semangkanya,negatif,0.9986817240715027
kata adik aku menu mbg disekolahnya yang enak hanya burger sama spaghetti doang,positif,0.9911288022994995
daripada mbg mending di kasih buah buahan saja begitu saja repot goblok goblok,negatif,0.9986728429794312
dikorupsi,negatif,0.9971640706062317
program sendiri kok kemungkinan keracunan karena kelalaian sendiri tidak mau bertanggungjawab,negatif,0.9987548589706421
pihak sekolah yang tidak mau tanggung jawab bisa di pertanyakan biasanya yang langsung bikin surat seperti begitu ke orang tua siswa mereka kemungkinan ikut korupsi dana mbg ingat sekolah harus tanggung jawab jika siswa keracunan akibat menu mbg,negatif,0.996731162071228
nama ya juga negara koruptor rakyat itu hanya numpang apa rakyat mati atau hidup itu urusan rakyat tidak mau pemerintah tanggungjawab,negatif,0.9993311166763306
progamnya bagus vedornya saja yang anjimm,positif,0.9843575954437256
pemerintah cerminan rakyat rakyat pun akan berkorupsi selagi ada kesempatan,netral,0.9890716075897217
mbg eeeeeew mbg eeeeeeeeeew mbak eeeeeeeeew ueeekhhhhh blllusurrhrgghrrghg,positif,0.9694544672966003
sebenarnya bukan salah bapak prabowo tapi salak pihak di belakang layar contoh lihat saja ada yang bersih makanan ya ada yang seperti prindavanyahhh tidak heran lah manusia serakahuang ya di masok di ke kantong pribadidan pasti ya yang di salahkan presiden ya makanan gratis kok seperti begini padahal uang anggaran ya di korupsi dan presiden tidak tau,negatif,0.9993460774421692
buset kalidawir kecamatan aku cikk,netral,0.9971109628677368
ini mah namanya mbg makan basi gratiswkwkkwk,negatif,0.989869236946106
disekolah ku bisa minta enak pula,positif,0.9901105761528015
aku makan mbg pertama ada ulat mbg kedua ada serpihan kaca,netral,0.9469722509384155
bang rekomendasi anime fall,positif,0.9674445390701294
makanan bowo girban,netral,0.9981988072395325
jir ikan hiu goreng,positif,0.9848464727401733
ikan hiu goyeng anjing,negatif,0.9903580546379089
lah aku masih hidup,negatif,0.9481871724128723
di sana seuprit di sini malah belum nyampeÂ² malah kayaknya sudah lulus duluan ini baru ada,negatif,0.9988137483596802
kalau mau makan mbg jangan lupa minum susu kalau sudah selesai supaya agak menetralisir racun,netral,0.9699782729148865
wilayah aku anjing ketapang,negatif,0.9928060173988342
temanku baru saja dapat sebuah ulet uh larva lah di makannya untung aku kagak takut nyoo omong makanannya gonta ganti ya dari lauk dan snackbuah tambahan,positif,0.9955503940582275
untung sekolahku belum dapat mbg,negatif,0.9934757351875305
begini saja kasih uang ya saja ke orang tuanya biarkan orang tuanya yang masak taro lah anak total semuanya ribu bisa buat makan ayam goreng utuh daripada ribet akhirnya malah mengeluarkan uang lagi buat biaya rumah sakit aneh memang yang bikin ini kebijakan ada yang mudah mencari yang susah kebanyakan mencari perhatian,negatif,0.9987218976020813
makan beracun gratis,negatif,0.9980370402336121
dari awal aku juga yakin ini program tidak akan terlaksana dengan baik sebelum prabowo dilantik apalagi grup bgn kebanyakan bukan ahli dibidangnya ratarata purnawirawan tni bagaimana mau jalan mulus coba wkwkwk,negatif,0.953565776348114
semangka setipis tissue,negatif,0.969057023525238
papua tidak ada keracunan,positif,0.9755163192749023
kakak kamu tau tidak tadi kami dapat mbg sayurnya basi entah berapa anak tumbang karena basi,negatif,0.997850775718689
ğŒğğğ€ ğƒ bikin hari lebih seru ceritanya hubung sekali hadiahnya bikin semangat main terus,positif,0.9992527365684509
kalopun nanti aku akan dapat mbg aku kasih hewan saja aku tidak mau makanan beracun begitu anjing daripada mubazir ya kasih babi peliharaanku saja walaupun belum dapat mbgnya wkwk,negatif,0.99713134765625
yang masak ibu ibu kata teman aku,netral,0.9400280117988586
penting apa ya ok gas ok gas ok gas,netral,0.9566777944564819
apapun yang berbau uang kemungkinan ada peluang korupsi,negatif,0.9931653141975403
jelasss ditempat aku hanya berapa warga doang yang kerja dan ya sisanya pegawai desa,negatif,0.9825169444084167
mi gacoan gizinya apa,negatif,0.9687846899032593
mbg makan bergizi gratis mbg makan beracun gratis,netral,0.9907323122024536
banyak yang korupsi paling kakak,negatif,0.9985742568969727
a href a href itu teman aku yang mukbang sayuran,netral,0.9592713117599487
kakak aku pernah mbg nasinya dibalik bolong,netral,0.9931974411010742
weww kalidawir kecamatan kuv,netral,0.9980646967887878
padahal ikan hiu daging ya itu mahal terus banyk protein ya tapi kalau masak ya tidak benar juga akan keracunan,negatif,0.9967517852783203
apa makan daging aku,negatif,0.9786105155944824
baru senjata biologis pemerintah,netral,0.9942725896835327
mbg b ya beracunkorupsi bergizijujur,negatif,0.9980542659759521
kelihatan mana yang di korupsi dan mana yang tidak di korupsi,negatif,0.9982119798660278
enak gaknya tergantung yang masak,positif,0.9232460260391235
buah semangka buat sekolah jir,netral,0.9243708252906799
anjing semangka setipis tisu,negatif,0.9955593347549438
mbg itu makanan bergizi gagal,negatif,0.9954479336738586
kalau menurut aku mending hentikan saja program ini dan diganti dengan program yang lebih bermanfaat,negatif,0.9930142760276794
mbg sama makan b beracun tidak gratis,negatif,0.977319598197937
sekarang yang keracunan sudah lebih bahkan ada anak yang meninggal karena memakan makanan mbg,negatif,0.9916519522666931
mbg mrg singkatan dari makan racun gratis,netral,0.9951176643371582
makan berhiu gratis,positif,0.9821403622627258
maaf ya untung aku orang bali,negatif,0.9716770052909851
semakin kesini makin tidak guna,negatif,0.9989633560180664
sdm rendah,negatif,0.998676598072052
sekolah aku yang dapat mbg hanya kelas saja,netral,0.9824357032775879
alhamdulilah ğŒğğğ€ ğƒ bikin hiburan jadi lebih bermakna ceritanya hubung hadiahnya wow,positif,0.9991938471794128
di daerah kalimantan selatan tabalong ayam goreng ya berbau busuk dan juga telor ayam saja sepegal harus ya sekolah geratis dan aku sudah sakit karena mbg dan aku lapor dengan pakai kertas dan aku tulis kuah ya bikin muntah dan ada yang kurang air langsung di jawab dengan cara pakai air susu sapi,negatif,0.9979439377784729
di kecamatan sebelah ada siswa yang makan mbg hanya butuh waktu sebentar langsung meninggal,netral,0.9886794686317444
mbg di tempat ku kadang tidak benar tapi masih termasuk worth itu sih hanya iya pas tes ada kakak tingkat yang ambil jatah orang hanya di ambil lauknya aku miris tidak dapat,negatif,0.992681086063385
kbnykan di konoha segala sesuatu kbijakan selalu ada pemangkasan dana yang tidak ngotak korupsi berkedok pemangkasan,negatif,0.9609962105751038
plankton bilek wah di indonesia ada makanan seperti chum,positif,0.9920147657394409
mbg makan bergizi gratis mbg makanan basi gratis,netral,0.9943816065788269
yang bentuknya aspal saja bisa di korupsi apalagi yang bentuknya makanan,negatif,0.9921594858169556
mbg banyk dikorupending duitnya kasih ke orang tua siswa masing daripada kasih makan manusia laknat yang suka korupsi,negatif,0.9991117119789124
persis di pikiran ku yaitu makan beracun gratis,negatif,0.9391136169433594
bubar sjj,negatif,0.9898356795310974
ah mending bikin sendiri lebih,negatif,0.991134524345398
sekolah kami belum dapat,netral,0.9763513803482056
mending makan makanan yang kata ya ibu tidak sehat tapi enak,negatif,0.9816076755523682
salah kan yang masak,negatif,0.9974702596664429
progamnya bagus pengawasannya yang tidak bagus banyak penyelewengan,negatif,0.9959372282028198
sekolah aku saja nolak mbg wali siswa juga nolak,negatif,0.9990339279174805
di kasih keripik semangka woilah,positif,0.941908061504364
lama lama jadi mutant ini warga indonesia,negatif,0.9964442849159241
bukan makan bergizi gratis yang betul makan gratis beracun,negatif,0.9989963173866272
untung kemarin aku tidak makan gratis langsung satu sekolah keracunan bjirrr,negatif,0.9540365934371948
jujur aku kerja di program mbg tersebutitu tergantung cara pengolahannya dan itu kasus keracunan pasti salah proses pengolahannyajadi tidak semua dari program sppg tersebut gagal alhamdulilah di tempatku bekerja ini masih aman dan menjaga kualitas yang terbaik,positif,0.9984292387962341
ini rmt ke,netral,0.9989633560180664
ke suka ke di tonton,positif,0.9964514970779419
suruh nenek kamu makan mie gacoan padahal bagus konten dulu tentang naruto ini makin terkenal naruto malah dilupakan sdm rendah,negatif,0.9708043932914734
masih banyak yang korupsi,negatif,0.9982503056526184
penjual kantin korban kalau ke aku,negatif,0.9934031367301941
ibaratnya ini dari pprabowo ribu nyampek bawahpelosok jadi ribu atau bahkan ribu kira seperti itulah,negatif,0.9987362027168274
untungg guaaa sudah tidak merasai program mbh begini terbayang kalau aku keracunan,negatif,0.9987632036209106
iblis gin bingung lihat mereka,negatif,0.99924635887146
hiu goreng,positif,0.9660921692848206
aneh di konoha,negatif,0.9992777705192566
niat ya ingin mengikuti sekolah luar kalau istirahat dapat makan aduh mengaca dulu pemerintah sama rakyat ya seperti bagaimana pada suka korupsi semua jelas lah program seperti begini pasti di korupsi bohong kalau tidak apalagi anggota dpr pasti langsung pada buka usaha dapur dadakan mereka tidak akan anak anak sekolah sehat persetan sama rakyat yang penting duitnya masuk kantong,negatif,0.9989933371543884
mbg makan bergizi gratis kali mbg makan beracun gratis,netral,0.9926750063896179
aduh issei issei beol penjilat pemerincah tlol akun akun dapur itu namanya tugas publik relation yang dikhususkan buat atensi publik doang goblok kamu anjing bodoh,negatif,0.999484658241272
bro di sekolah ku itu nasi ya keras anjing terus sayur ya asem telor ya berair terus semangka ya sudah lah tipis di tambah lagi sudah rusak terus juga bakso ya isi lendir ayam ya belum mateng ya sudah lah semua ya tidak jadi makan pengalaman aku berhari hari dapat mbg,negatif,0.9557043313980103
salah pilih pemimpin,negatif,0.9917054176330566
oknumoknum ini macam anjing dikasih amanah malah buat racun anak sekolah intinya bukan salah presidenny,negatif,0.9994645714759827
aku bersyukr sekolahku mbg ya tidak ada yang keracunan,netral,0.980323314666748
keracunan karena mbg diberbagai kota jumlahnya mencapai sekitar pelajar yang kerancunan karena memakan mbg tidak menutup kemungkinan suatu hari nanti malah pelajar md massal karena memakan mbg jika sistem dan pengawasan ya masih menye,negatif,0.9942798614501953
yang korupsi pemerintah vendor,negatif,0.9971556663513184
kalau hanya atau orang itu ketidaksengajaankesalahan kalau ribuan itu ketololan,negatif,0.9992744326591492
ini proyek aneh dan tidak masuk akal untuk sekarang silakan diskusi jika ada yang kontra dngn pendapat aku,negatif,0.9990135431289673
uang ya beda kah setiap daerah,negatif,0.9897053837776184
sebuah nyata indonesia keracunan,netral,0.9636873006820679
bukan salah program ya sih tapi salah cara mengelolanya,negatif,0.9987951517105103
halo aku merupakan siswi sekolah menengah pertama yang duduk di bangku kelas program mbg di sekolah aku sudah jalan dari bulan puasa kemarin awalnya snack supaya teman kami yang berpuasa bisa bawa pulang setelah itu sampai sekarang program ya tidak ada masalah dan cukup berhasil menu yang disediakan juga bermacammacam nasi putih dengan lauk buah sayur dan susu setiap senin kami juga pernah mendapatkan spaghetti mie mie gacoan burger katsu dan nasi ya juga beragam paling sering nasi putih biasa tapi kadang nasi kuning dan pernah nasi jeruk enak sekali siswa di sekolah aku juga selalu antusias menunggu mbg jika ada kelas yang masih menyisakan mbg tentu kami berikan kepada staf sekolah atau disarankan bawa pulang pastinya yang belum tersentuh ya jadi bukan bekas kami aku doakan temanteman yang keracunan lekas sembuh semoga tidak ada lagi sekolah sekolah lain yang menjadi korban dan semoga program mbg menjadi lebih baik serta semoga bisa membantu masyarakat seperti apa yang diharapkan salam dari bali,positif,0.9970237612724304
kok yang disalahkan mbg ya guobloggggg tangkap yang nilep uang mbg ya jancuk guobloggggg prabowo presiden terbaik sepanjang masa,negatif,0.996852457523346
kenapa tidak kayaka dulu saja di bahikan roti dan minum yang sudah terorganisir olehboemerintah pusat jadi semuanya higienis dan aman,positif,0.9681841731071472
chum bucket dapur mbg,netral,0.9881595373153687
semakanya dari depan aman dari belakang,netral,0.9842200875282288
keren maksimal menang banyak di ğ‘¨ğ‘´ğ‘©ğ‘°ğ‘³ğƒ auto jadi sultan dadakan,positif,0.9973024129867554
aku mah enak semua sieh omong catering aku nama ya prambanan,positif,0.995046854019165
makanan mbg gratis,positif,0.9446147680282593
jangankan dapat kabar sudah kesebar disini saja tidak ada,negatif,0.9989194869995117
semangka ya di anjing,negatif,0.9992159605026245
makan beracun gratis menuju indonesia lemas dan cemas,negatif,0.9166919589042664
gara gara prabowo anjing memang,negatif,0.9991425275802612
mana itu dari pajak ibu bapak kita lagi,negatif,0.9975168704986572
ini jadinya kalau koruptor tidak dihukum mati sampai anak turunnya akan melakukan hal yang serupa karena uang yang dimakan hasil dari korupsi otomatis keturunannya juga korupsi benar apa benar,negatif,0.9994614720344543
duitnya di korupsi,negatif,0.9992772936820984
pengurangan penduduk negara berbasis kebaikan pembagian makan gratis,netral,0.9432072639465332
mbg itu bberacun,negatif,0.9979543685913086
disekolah ku ada mbg dan alhamdulilah tidak pernah ada masalah sejauh ini makanan ya pun enak enak semua suka sekali,positif,0.999275267124176
aku tidak uang mbg di korupsi juga,negatif,0.9886001944541931
di papua lumayan kakak bersih enak pula banyak lagi sehat pula,positif,0.9985368251800537
chuk bucket dapur mbg nooo,positif,0.992449164390564
makan bergizi gratis ke itu sudah kenyang dan lauknya gedhe sekali karena di daerah ku nasi padang ke saja sudah wah sekali,positif,0.9988603591918945
subhanallah ğŒğğğ€ ğƒ bikin pengalaman main jadi beda ceritanya inspiratif visualnya keren habis,positif,0.9994243383407593
kira kira ini termasuk keracunan tidak ya soalnya aku pernah makan mbg dan suatu hari aku makan mbg dan setelah habis makanan ya dan dalam beberapa menit kaki aku sakit luar biasa wajah aku pucat dan aku tiba tiba panas yang lumayan tinggi dan saat aku di rumah behh kaki aku masih sakit dan setelah minum obat kaki aku mendingan dan akhirnya aku sembuhuntung aku tidak sampai masuk rumah sakit kira kira ini termasuk keracunan atau apa coba untuk yang sepuh beritahu,negatif,0.9058047533035278
mbg goblok,negatif,0.9959553480148315
bisa bisanya tidak mau tanggung jawab kalau siswa keracunan negara gagal sudah,negatif,0.9993212223052979
ada juga minusnya di kampung aku jajanan di sekitar sekolah jadi tidak laku,negatif,0.9646233916282654
kaget kalidawir tulungagung,negatif,0.915962278842926
bukan hanya di pemerintah korupsi sudah mendarah daging,negatif,0.999500036239624
semoga vendor yang mengkorup dana ya dapat pembalasan ya,netral,0.9893189072608948
aku sekolah di sd bucitan,netral,0.9816469550132751
budaya koruptor sudah melekat sulit,negatif,0.9993101358413696
ditempatku hiu dibuat rendang,netral,0.9409660696983337
tidak menyangka kalidawir,negatif,0.9905381202697754
program cuci uang,netral,0.9354512691497803
seperti ya diambil dpr uang ya,netral,0.9981757402420044
iya plosok tapi plosoknya tidak semua aku dari kelas sampai sekarang sama tidak pernah dapat,negatif,0.9987271428108215
meracuni masyarakat sendiri,negatif,0.9984980821609497
buset semangka seperti di buat dari kertas origami jir,netral,0.996846616268158
ikan hiu saus tomat,positif,0.9404767751693726
aku dapat chicken katsu,positif,0.9717056155204773
arti dari mbg makan beracun gratis,netral,0.9876910448074341
lebih baik beri wang dalam ewallet,netral,0.9164404273033142
eh gyus tapi ini tidak salahnya prabowo kocak yang salah ya yang buat mbg ya tapi katanya prabowo bayarnya pakai pajak tapi aku lihat tt sih,negatif,0.9945409893989563
alhamdulilah ya kakak di sekolah kami tidak ada yang ke keracunan abang,positif,0.9289900064468384
mbg makanan bikin goblok,netral,0.9039015769958496
makanan banyak korupsi,negatif,0.9990952014923096
korupsi itu,negatif,0.9978430271148682
benar sekali bang ini ya kan kakak aku sudah dapat mbg ya nah menu nya mie gacoan dan coba kamu tebak mie nya sudah basi jir,positif,0.954124927520752
di saat siswa sekolah swasta lain menunggu mbg karena di wilayah ku swasta juga pada dapat namun justru sekolah swasta aku menolak mbg tersebut akibat banyaknya siswa yang keracunan karena menurut sekolah jika amit amit itu terjadi akan menghambat kami untuk mengejar ptn sedangkan sekolah aku memang ketat sekali untuk mengejar ptn impian ini hanya sekolah ku ygy apa lagi sekolah ku itu swasta,negatif,0.9967678785324097
ya jelas lah di sabotase di tilep duitnya,negatif,0.9992685914039612
ponakan aku muntah muntah sudah makan mbg,negatif,0.9967936873435974
kalau tidak mau tanggung jawab apa ada program mbg kocak,negatif,0.9988800883293152
indonesia begitu loh gedein korupsi bodoh sekali anak orang keracunan,negatif,0.9994675517082214
bukan kakak tapi namanya makanan beracun beol sangat beol geratis,negatif,0.9965575933456421
sucipto goreng,positif,0.9912347793579102
negeri banyak korupsi,negatif,0.9986078143119812
ciri ciri makanan beracun bagi yang belum tau bau warna makanan,negatif,0.965817391872406
anyir itu semangka apa striker semangka anyir sebegitunya kah,negatif,0.9787863492965698
itu semangka apa kertas gambar semangka yang digunting wkwkwkw,netral,0.9932247996330261
memang pada dasarnya rakyatnya juga yang koruptor makanya petingginya banyak koruptor dari grassrootnya sudah bobrok,negatif,0.9995243549346924
sudah kalau programnya mau dilanjut terus mending ganti jadi makan siang gratis tidak perlu ada embel bergizi tahi kucing bukan bergizi malah beracun kasih makan apa saja yang enak yang pasti dimakan manusia purba sok mengomong anak zaman sekarang makannya pilih pilih makanya dikasih mbg tidak mau seperti mereka mau saja anjing dikasih makan begituan,negatif,0.9983585476875305
konten kok tidak berkwalitas,negatif,0.9994162321090698
lebih memilih voting mbg apa menghapus link bkp,netral,0.9097927808761597
aku yakin dikorupsi soalnya mbg tempat guat susunya tidak basi makanan enak,positif,0.9953730702400208
kurang pengawasan pada pelaksananya,negatif,0.99149489402771
hanya ribuan dari ratusan ribu hingga jutaan siswa siswi penerima mbg yang terkena keracunan ya buat sangat disayangkan masih banyak yang nge jelek di program ya yang padahal yang salah itu yang ngelola makanan ya semoga vendor nakal korupsi dan tidak amanah segera ditangkap,negatif,0.9991797804832458
mau presiden ya kualitas ya premium pun kalau bawahannya kualitasnya pertalite ya susah lah buat maju lagian ini program memang jadi ladang cuan buat penjabat anjing itu lagian program mbg ini yang di butuhkan itu ahli yang ada di bidang masakan lah yang ikut malah politisi yang minim pengalaman di dapur wajar kalau mereka dapat porsi yang bahkan kucing pun ogah buat makan ya,negatif,0.9982588887214661
di sekolah aku hari jumat sebuah terbaik sering burger kemarin saja aku dapat sandwich dan ayam katsu tidak bohong aku tapi hari jum at sebuah terbaik,positif,0.994540274143219
mbg artinya makan beracun gratis anjing,negatif,0.941648542881012
mie gacoan adalah makanan bergizi yang mengandung vitamin sama mencret,positif,0.995210587978363
sudah intinya program mbg itu harus di berhenti ini sudah kelihatan ladang korupsi buat pemerintah,negatif,0.999085545539856
akibat dikorupsi jadi pada keracunan,negatif,0.9973171353340149
enteng sekali mulut yang mengasih surat pernyataan,negatif,0.9927144646644592
mbg makan beracun gratis,negatif,0.9981691837310791
yang menunya kacau dapurnya harus di evaluasi,negatif,0.9987494945526123
tapi di suruh buat berger sendiri,netral,0.9969636797904968
ikan hiu enak loh kakak langka juga setingkat kafiar kalau disini,positif,0.9978626370429993
aku belum dapeet,negatif,0.9817926287651062
mbgmakan bergizi gratis mbgmakan berbayar goib,netral,0.9898721575737
jangan jajan di kantin nanti sakit meanwhile mbg,negatif,0.9978101849555969
di sekolah aku dapat mbg tapi ada beberapa orang yang pingsan loh,netral,0.9715318083763123
harus di ushut tuntas tuntut mbg yang gagal pasti korupsi itu,negatif,0.9991375207901001
tidak menyangka ğŒğğğ€ ğƒ seepic ini ceritanya bikin mikir visualnya kece dan hadiahnya bikin kaget,positif,0.9986935257911682
sekolaht teman ku dapat yang sd sudah begitu menu ya enak pula lah aku yang sekolah mi belum dapat,positif,0.9906166195869446
mau dpr sama rakyat semua sama hanya rakyatnya saja belum jadi dpr,negatif,0.9891310930252075
menuju indonesia cemas bersiap lah para pejuang printis aku juga,negatif,0.9917672276496887
halah banyak di korupsi pasti,negatif,0.9993374943733215
mana ini yang koar koar oke gas oke gas gemoy gemoy makan itu program gemoyyyyy,positif,0.989694356918335
mbg gacoan bergizi ya dari mana gacoan,positif,0.9927427768707275
mbg makan beracun tanpa gizi,negatif,0.9993157386779785
prograaaam malu sama lawan debaaat,negatif,0.9991707801818848
yang kemarin sampai lebih keracunan di bandung barat dekat rumahku bejirsuara ambulance dari siang sampai malam tidak berhenti ada yang meninggal juga,negatif,0.9612661004066467
gratis dari mananya itu dari pajak rakyat kalau dari pejabat uang ya baru gratis,negatif,0.9991546869277954
segera dievaluasi contohnya kan banyak yang berhasil coba belajar dari sana apa yang membuat jadi hasilnya kalau ada yang bagus begitu berarti bukan dari pemerintah pusat dong harusnya kesalahan di pelaksanaannya,negatif,0.9980543851852417
vendor wajib diperiksa ahli gizinya juga,netral,0.9901886582374573
itu yang anak yang keracunan itu makanan ya yang basi apa memang makanan ya yang beracun sih kok bisa kalau memang makanan ya basi kenapa tetap di makan begitu kan makanan basi pasti kecium lah bau ya mana yang basi mana yang tidak apakah ada dalang dibalik makanan yang beracun,negatif,0.9970788955688477
kenapa namanya tidak msg saja makan siang gratis daripada mbg katanya bergizi tapi banyak yang keracunan walau cuma beberapa sih,negatif,0.9905113577842712
uang korupp anjing,negatif,0.998982846736908
mungkin penyebab keracunan itu bukan hanya produksinyq saja tapi juga pendistribusiannnya yang lama seperti sudah lama di masakdisimpandikirim sudah basi saja terus ditambah tidak adanya pengecekan berulang ulang aku heran ya kita saja pesan makanan daring saja dalam jumlah banyak juga untuk acara sekolah seperti lomba lomba saja masih utuh dan awet ini kok mbg program resmi semuanya ada kok kelewat bagaimana,negatif,0.9978545308113098
aku mah memasuki misting kakak,netral,0.9634208083152771
aku warga tulungagung,netral,0.9925751686096191
makanan bergizi gratis makanan beracun gratis,positif,0.9727399945259094
yang jujur susah di cari,negatif,0.9990925788879395
mbg mie gacoan jir,positif,0.9047551155090332
petugas mbg santai di rumah bapak prabowo yang di marahin,netral,0.9969346523284912
mbg makan babi gratismakan beracun gratis mbgmakn bergizi garatis,netral,0.995166540145874
chiken katsu mah aku makan hampir setiap hari,netral,0.9450541734695435
lah kami saja tidak pernah dapat mbg anjing,negatif,0.9985449314117432
kesal sudah mengomongkan masalah negeri ini kebanyakan dan tidak ada abisnya pejabatnya korupsinya nepotismenya sulitnya mencari uang semoga rakyat yang merasa sulit dan terdzolimi dapat salah satu tiket masuk surga semoga pejabat yang tidak amanah kekal dineraka,negatif,0.9987195730209351
ada yang jujur dan ada yang hanya cari untung itulah manusia serakah,negatif,0.9991866946220398
syukur bulan mbg tidak ada yang keracunan,positif,0.9066439270973206
indonesia cemas,negatif,0.9939462542533875
percayalah yang bisa posting dengan bangga menu mbg gonta ganti tiap minggu mereka adalah orang yang beruntung tidak kena potong ribu per porsi ups,positif,0.9974763989448547
aduh tanggal sekolah aku ada mbg,negatif,0.9590027332305908
serba serbi makanan beracun gratis,negatif,0.9884968996047974
di ğ‘¨ğ‘´ğ‘©ğ‘°ğ‘³ğƒ itu bukan candu kakak tapi memang benaran dapat uang,positif,0.9977661371231079
aku tidak mau makan bergizi gratis,negatif,0.9986152648925781
mengakak sekali cik semangkanya kerempeng tidak itu,negatif,0.9881238341331482
aku belum dapat mbg,netral,0.9802358150482178
buat didesa plosok knapa tidak bangun kota setaea jakarta saja,negatif,0.9922971129417419
masih bagus internet gratis tidak sih,positif,0.9112686514854431
miris,negatif,0.9966609477996826
semangka jenis terbesaru,positif,0.9268352389335632
untung sekolah aku belum dapat mbg,negatif,0.9012950658798218
malaysia pun buat juga makan gratis tapi nama dia rmts boleh makan pagi pagi dan kalau waktu rehat dapat susu gratis,netral,0.9565339088439941
mbg sinkatan makan beracun gratis,negatif,0.9355908036231995
itu makan beracun gratis wak intinya wowo ngpain saja,negatif,0.9856357574462891
sini wong kalidawir adekku belum kebagian di sekolahnya bagaimana itu,negatif,0.995451033115387
resiko negara kesatuan ada yang jujur ada yang korupsi dan masalah utama disini adalah posisi jabatan yang bukan semestinya,negatif,0.9258105158805847
hebat yang potong semangkanya nisa tipis sekali bravo,negatif,0.9913846254348755
kakak aku keracunan,negatif,0.9857472777366638
chicken katsu ricebowl mie gacoan itu bergizi,positif,0.9978035092353821
beta buka gudang mbg ya hilang itu kok daging hiu mikir dong anjin daging hiu mana bisa dimakan kenapa tidak sapi saja,negatif,0.9990992546081543
pasti yang buat ya sih giant,netral,0.921161413192749
aaahhh paham paham saja lah sama negara iniyg separuh masuk kantong dan kualitas makanan belakangan yang penting uang sudah aman di kantong,negatif,0.9896664619445801
kalau mau jujur indonesia masih belum siap sama program bergengsi makan gratis yang diterapkan negara negara maju sdm kita masih buruk soal profesionalisme kejujuran dan wawasan mengenai kebersihan dan higienis ini masih program untuk siswa belum lagi nanti akan mulai janji untuk ke ibu hamil khawatir sekali malah seperti di film gundala ibu ibu hamil diracuni beras secara rahasia terus semuanya disuruh vaksinasi tapi vaksinnya juga buat memperburuk ibu ibu hamil dan janinnya jadi harus berbenah lah kualitas sdm itu sangat sangat menjadi penentu sebuah negara akan maju atau tidak,negatif,0.997462272644043
di sekolah aku hanya di kasih telur sama sayur memang iya sih bergizi hanya telur ya bau mana yang kelas dapat telur yang sudah jadi ayam,positif,0.9744876623153687
sama makan b belatung tidak gratis sudah tau kan,positif,0.9626016020774841
buset semangka saja di korupsi hadehh,negatif,0.9993670582771301
setiap kalimat di video ini terasa tulus dan penuh makna ğ‘¨ğ‘´ğ‘©ğ‘°ğ‘³ğ”» yang paling aku suka adalah bagaimana kamu bikin penonton merasa nyaman dan tidak dihakimi sukses selalu buat kamu dan channel ini,positif,0.9989927411079407
chum bucket adalah mbg versi spongebob,netral,0.9949091076850891
mbg mmakan bberacun ggeratis,negatif,0.9987198114395142
yang sekolah ya yang tidak dapat mbg bilek sudah kuduga ckkk mending tidak dapat mbg daripada keracunan,negatif,0.9990859031677246
mie gacoan bergizi,positif,0.9330704808235168
oknum yang mau nge jatuhin prabowo se mudah itu ya bermain di dalam mbg,negatif,0.9981427192687988
bilek pedagang yang biasa di bilang makanan ya tidak sehat,negatif,0.9975703358650208
curiga kalau pemilik dapur mbg anggota dprdprd hanya asalan masak yang penting dapat uang proyek ane seumur hampir tiap hari makan di warteg somay gerobak dan bakso pinggir comberan tidak pernah itu keracunan makanan,negatif,0.9347907304763794
kalau aku siii uang saja tidak sih,negatif,0.9698474407196045
korupsi ini yang bawah,negatif,0.99916672706604
aku dikasih mie pagi pagi jir,netral,0.9834715127944946
untung saja di tempat ku mbg ya sehat aman aman saja hehe panitia mbg di tempat ku masih amanah alhamdulilah,positif,0.9971550703048706
apa kalian pikir itu semangka itu adalah ilusi optik yang hanya gambar semangka yang di tempel di kertas tebal namun lentur dan di bentuk menyerupai semangka kamu pasti tertipu ini hanyalah kreatifitas seni mbg,negatif,0.9896236062049866
juara sekali ğ‘¨ğ‘´ğ‘©ğ‘°ğ‘³ğ”» video ini bikin aku belajar banyak dengan cara yang menyenangkan lanjutkan bro,positif,0.9984097480773926
tukang jajanan di kantin yang jajanan ya aneh tapi tidak buat orang keracunanmines ya paling hanya beol beol atau sakit tenggorokan doang,negatif,0.9910611510276794
kalau yang bagus coba kamu telusurin terakhir saja yang punya istri pejabat dapurnya ketahuan tidak lah mainnya senyap,negatif,0.9966807961463928
jelas sajaaaaaaa duitnya masuk kantong pelaksana aku sumpahin mereka dan keluarganya tidak bisa beol setahun,negatif,0.9990763664245605
aku mikir bagaimana kalau anak anak sekolah diberi voucer sebagai ganti mbg yang isinya ribuagar tidak ada kecurangan setiap voucer diberi nama pemiliknya dan logo sekolahnanti yang jualan dikanti menukarkan voucer tersebut ke pihak sekolah yang menghandeluntuk kembalianya pakai uang ke karena mininal belinya ke seperti ituboleh di utak atik pemikiran aku yang penting ngotak,negatif,0.9959245920181274
makan hiu gratis,positif,0.9981112480163574
kami dari pulau kalimantan,netral,0.9843018054962158
sip mantap,positif,0.9985668063163757
prabowo kon,netral,0.9965670108795166
anjing di lalapan aku kemarin masih ada ulet,positif,0.9225419163703918
indonesia hancur di pimpin bowo semua uang dikorupsi,negatif,0.9995062351226807
hiu goreng dpr makin tidak ngotak,negatif,0.9989124536514282
infrastruktur saja kgk merata apa lagi mbg juga kgk merata kualitas ya,negatif,0.9752240180969238
subhanallah ğŒğğğ€ ğƒ bikin pengalaman main jadi beda ceritanya inspiratif visualnya keren,positif,0.9994076490402222
eh bapak prabowo jangan samain lambung kita sama lambung ya adek inoen bapak,negatif,0.9737677574157715
kakak di sekolah aku tidak ada itu yang keracunan tapi lauk ya pelit,negatif,0.9508808255195618
aku baru tau mie gacoan itu ternyata makanan bergizi mantap,positif,0.998004138469696
seketika dpr punya ketring,netral,0.9930919408798218
pemerintah sama rakyat vendor sama saja rupanya,negatif,0.9910423755645752
pas kemarin kan ada mbg nah aku tidak berangkat terus tiba aku dikasitau info ternya mbg kemarin itu beracun,negatif,0.992599368095398
yanh bikin menu ikan hiu goreng kayaknya itu orang kebanyakan main raft sampai sampai kasih daging ikan hiu goreng,positif,0.9017233848571777
kalidawir hadir kakak,netral,0.9976791739463806
uang di korupsi kali,negatif,0.998736560344696
ini program mengurangi angka kependudukan percayalah omong mie gacoan bergizi mungkin maknanya sekarang bergeser bukan bergizi,negatif,0.9750462770462036
tf makan bergizi makanya mie gacoan,positif,0.9198091626167297
bikin demo saja,negatif,0.9989633560180664
kata gratis itu hanya propaganda padahal aslinya uang pajak,negatif,0.9992130994796753
ini vendor dan badan gizinya pada ngawur,negatif,0.9991899132728577
aku pernah makan mbgdi sekolah aku menu ya itu kacang kapan jang ada belatunnya anjing anak kelas juga langsung mun teh berjaaah,positif,0.9888572096824646
pov sekolah aku yang belum dapat mbg bilek ingin senang atau sedih ya,negatif,0.9724742770195007
kan di korups,negatif,0.9993465542793274
bang nama asli mbg teh makanan beracun gratis,netral,0.9800697565078735
jalur korupsi dari pemerintah sesungguhnya,negatif,0.9981606602668762
presiden ya mungkin ingin bunuh rakyatnya,negatif,0.9955241680145264
ini itu untuk membatalkan program ini karena anggarannya diambil dari dana pendidikan,netral,0.9918768405914307
a href alhamdulilah ketemu ğŒğğğ€ ğƒ hiburan yang tidak hanya seru tapi juga bikin mikir visualnya top hadiahnya bikin semangat ayo coba sekarang,positif,0.9986741542816162
yang disalahin malah prabowo,negatif,0.9992974996566772
itu semangkanya terinspirasi dari aipon air ya,netral,0.9664167165756226
dan kalian harus tau tidak semua orang bisa makan enak dirumah dan tidak semua siswa bisa makan dirumah ya ke untungnya bagi mereka bisa merasakan makan enak,positif,0.9959391355514526
aku pernah pas di sekolah teman ku ambil mbg terus tiba ada ulat putih,netral,0.9294688701629639
ibu jadi guru ngotak dikit apa,negatif,0.9982360601425171
sudah pasti yekan dananya lari kemana,negatif,0.9989365935325623
kalau takut keracunan ini saran aku kamu kasih ke teman kalau tidak ada yang mau buang terus kasih alasan sudah trust issue karena di kasih racun tikus,negatif,0.9924148917198181
mbg mati beracun geratis,negatif,0.9982404708862305
kayaknya ada yang nyunat dana kita tunggu mereka keciduk,negatif,0.9985802173614502
di sekolahku ada embge mi gacoan aku dapat yang padas,netral,0.9430538415908813
tapi daging hiu enak jir,positif,0.9900289177894592
dulu aku setuju kalau kasih uangnya saja ke orang tua siswa afar orang tuanya yang membuatkan makanannya sesuai selera anaknya tapi sekarang gq lagi karena aku mikir bagaimana ya kalau ada yang tidak punya ornag tua,negatif,0.9850239753723145
aku tidak mau bukan karena keracunan tapi memang tidak suka,negatif,0.9980244636535645
mts aku viral juga anjing wkwk,negatif,0.9946922659873962
untung aku mbg aku tidak ada bilatung tidak bau,positif,0.9893043041229248
mbgi punya two side,netral,0.9958689212799072
kebanyakan vendor itu purnawirawan macam raja kecil mereka apalagi ditempat aku di kbb yang knock,negatif,0.9347956776618958
mbg mur baut paku obeng palu paku ada tidak aku mencari tidak ada,negatif,0.9943575263023376
yang ikut masak itu sebenarnya tidak pada bisa masak,negatif,0.9931307435035706
kok bisa padahal katanya ada ahli gizinya loh di setiap posko mbg aneh lagi rame juga itu kata salah satu bapak guru bahwa dana mbg itu di ambil dari dana bos gila dana bos saja masih tidak cukup untuk operasional sekolah eh ini malah di kurangi dan hasilnya malah begini miris coba bapak ibu kpk di periksa program ini jangan sampai jadi ladang korupsi,negatif,0.9993451237678528
itu semangka apaan anjing tipis sekali,negatif,0.994724690914154
programnya bagus tapi salah negara,negatif,0.9980030655860901
selama hukuman mati untuk koruptor tidak disahkan mau sebagus apapun program ya pasti ada celah ya,negatif,0.9991995692253113
tidak ada planning matang dari awal,negatif,0.9948961138725281
aku pakai trik ini sudah lama sih hehe memang benar benar hoki di ğ‘¨ğ‘´ğ‘©ğ‘°ğ‘³ğƒ kalau pakai trik ini,positif,0.9981356859207153
tadi pagi aku dapat mbg pertamankalimakanannya sih enak tapi tempatnya itu kotor sekali seperti tidak di lap soalnya masih ada bekas air dan ada pelangi ya bikin tidak nafsu,negatif,0.9339821934700012
keracunan mbg ini adalah hal yang tidak seharusnya masif terjadi seperti begini dan tidak masuk akal saja bisa sampai separah itu logika aku tidak masuk coy harus diusut apakah ini terjadi memang bahanya yang sudah kagak benar lagikadaluwarsa atau ada kesengajaan pihak lain kan sayang saja budgetnya,negatif,0.9986600875854492
mbg sekolah aku steakbakso chiken katsudan burger,positif,0.9903925657272339
memang sin tholol prabowo mah,negatif,0.9896323680877686
harus di usut kalau ada kasus keracunan soalnya di dapur tempat ku ada orang yang menyabotase dengan memasukan solar kedalam sumur untung sebelum di gunakan segera ketahuan dan hasil membuat sumur baru ada oknum oknum yang ingin menghancurkan program mbg goblok tidak berprikemanusiaan aku doain orang yang menyabotase anak ya keracunan,negatif,0.9992795586585999
ah anjing bilang saja jelek dari awal jangan pakai program ini bagus tapi blablabla wowo anjing,negatif,0.9994065761566162
akumah mbg ya bau telur keluar air,negatif,0.9987257122993469
kakak aku senin depan akan ada mbg loh,netral,0.9972345232963562
di kami kakak bagus pelayananya diperhatikan,positif,0.9987603425979614
aku malah burger,negatif,0.9985313415527344
untun aku tidak ada makan bergizi,negatif,0.9975618124008179
apaan aku tidak dapat susu bjir,negatif,0.9984115362167358
masalahnya mbg yang bagus itu yang di kota atau yang sedang di awasi,negatif,0.9985332489013672
haha kalau ada apa apa tidak mau tanggung jawabgmna apa lah,negatif,0.998481810092926
sejak mbg pajak naik artinya bukan mbg tapi mbs makan bayar sendiri,netral,0.9829667806625366
weh sumpah kalidawir itu tinggal naik ke gunung rumah aku jier,netral,0.9915763735771179
aduh generasi bodoh ini mah,negatif,0.9992944002151489
korupsi,negatif,0.9974600672721863
jangan herang sudah tentu dikorupsi,negatif,0.9989743232727051
teman aku ada yang kerja di sana kebanyakan memang jadi ladang korupsi,negatif,0.9927290081977844
lah aku mbg ya ada ulat ya,negatif,0.9973291158676147
mbg makanan beracun gratis,negatif,0.998429000377655
itu kan kalidawir dekat rumahku,positif,0.9703903198242188
makanan beracun gratis,negatif,0.9983935952186584
siswa di sekolah lain komplain karena mbg yang nasinya sedikit buahnya kecil dibilang kurang bersyukurok aku maklumin lahtapi siswa di sekolah aku yang komplain karena sayurannya basi masih di bilang tidak bersyukur sama kepala sekolahlogikanya di mana cobasiswa yang komplain karena sayur basi dengan entengnya kepala sekolah mengomong kalian kurang bersyukur bro wtfmenurut kalian kepala sekolah aku harus di bagaimana di teman,negatif,0.9993066787719727
dapur mbg di chum bucket,netral,0.9983463287353516
sudah uang prabowo sendiri ada saja oknum oknum bodoh sampah mikir dulu jangan kalau comentgaush terpengaruh dan jangan manas manasin deh kamu bahas yang lain saja,negatif,0.9994731545448303
a href subhanallah ğŒğğğ€ ğƒ bikin takjub ceritanya inspiratif visualnya keren dan untungnya luar biasa wajib main,positif,0.999383807182312
mau heran tapi indonesia,negatif,0.907280445098877
alhamdulilah aku kerja di mbg dan selama ini kualitas bahan makanan ya yang paling sangat kebeneran aku divisi prepare jadi kalopun ada yang jelek itu wajib dibuang sop juga harus diperhatikan seperti masker penutup kepala dan sarung tangan apron juga harus di cuci tiap hari dan dikasih baju kerja sebanyak terus kemarin baru slhs jadi makin menambah ilmu tentang pengolahan makanan selama masih banyak orang baik dan bertanggungjawab pasti akan aman kok dan semoga program ini tidak berhenti di waktu mendekat tolong sekali aku tidak mau nganggur garagara banyak kasus mbg terlepas dari politik ataupun kelalaian semoga kedepannya lebih diperhatikan dalam segala bidang,positif,0.9963120818138123
mie gacoan spaghetti burger itu no no ya buat mbg,positif,0.9010711908340454
di daerah aku mbg ya dikit terus kadang basi,negatif,0.9183444380760193
mbg ku ada cacing yang lagi mukbang ayam,negatif,0.94426429271698
ğŒğğğ€ ğƒ memang luar biasa baru main sebentar langsung dapat kejutan gede ceritanya top sekali,positif,0.9991070628166199
sudah pasti yang beberapa itu masuk ke kantong pribadi,netral,0.9578148126602173
program korupsi berjamaah bersama presiden,negatif,0.9215038418769836
indonesia tidak korupsi tidak afdhol,positif,0.9271355271339417
sumpah ğŒğğğ€ ğƒ luar biasa visualnya kece ceritanya menyentuh dan hadiahnya bikin jantungan pengalaman gaming yang top,positif,0.9991146922111511
perasaan warteg dari dulu sampai sekarang tidak ada orang yang sampai masuk rumah sakit itu,negatif,0.9987618923187256
di palembang mbg nya ok ok saja,netral,0.9901912212371826
kalau ini bukan salah presiden murni salah bawahannya,negatif,0.9986371397972107
yang salah bukan programnya tapi oknum ya ya memang program ini bukan banyak celah lagi tapi seperti beri jauh uang bagi oknum oknum korupsi awokawoakqkoawo perlu di evaluasi lagi sama di perketat,negatif,0.9994373917579651
kakak sekolah ku tidak pernah dapat makan gratis,negatif,0.9932225942611694
bukan salah guru sih kan guru hanya ngebagiin atau ngitung yang salah itu ahli gizinya sama yang masak masa ahli gizi seperti begini lawak iq,negatif,0.9989495873451233
lebih pemberani orang nepal sedangkan orang indonesia hanya orang bodoh yang mau di bodoh i pemerintah aparat dan juga pejabat,negatif,0.9994262456893921
itu yang salah bagian petugas mbg ya jangan di salahkan prabowo ya,negatif,0.9985180497169495
tolong disidak gila apa ini program memang bagus aku setuju sekali tapi kenapaaaaa ada saja oknum yang swlalu menghancurkan,negatif,0.9975497126579285
sd aku hanya kelas yang dapat giliran kelas dan tidak dapat beberapa siswa kelas dan ada yang dapat karena menunggu didepan gerbang sekolah,netral,0.9624857306480408
aduh framming mbg bagus lagi,positif,0.9785395860671997
balik lagi kalau pihak vendornya waras kemungkinan akan berhasil atau bisa jadi yang kasus beracun itu sebelum uang nympe vendor bisa jadi duitnya sudah kepotonh potong,negatif,0.9976266026496887
ya korupsi itu adalah pencurian terstruktur pelaku dan orang yang berkaitan bisa saja ada dalam jajaran pemerintah atau diluarnya,negatif,0.9974295496940613
pengurangan jumlah penduduk secara halus anak anak berkurang remaja berkurang sedikit mahasiswa yang demo sedikit pemerintahan tenang cerdas sekali ya,negatif,0.9957259893417358
mbg makan bergizi gratis mbg makan beracun gratis indonesia emas indonesia lemas,netral,0.998708963394165
semakin kuat betapa ruginya bagiku mengikuti serta mencoblos pemerintah semakin lama bukan ya semakin membaik justru semakin memburuk sampai pada tahap pembunuhan bagi mereka yang di anggap hanya kekhilafan semata,negatif,0.9991570711135864
kang aku jadi curigaini dark sistem versi politik mungkin sebener ya itu mbg sudah benar tapi bisa rusak karena ada kemungkinan ada tikus yang menggerogoti ada sosok di balik layar yang memang ingin menjatihkan,negatif,0.9989812970161438
ya tuhan ğŒğğğ€ ğƒ bikin speechless visualnya memanjakan mata ceritanya penuh makna,positif,0.9991760849952698
ada juga daging tidak segar ada cacingnya uuuughh ngiler nyeee walaweee cari mati kah,negatif,0.9766297340393066
percayalah kalau mereka yang menyerang program mbg adalah orangorang yang ingin mengendalikan generasi muda agar tetap stuntingbodoh mudah di setir dan kalau sudah besar di sogok bansos,negatif,0.9991092085838318
aku sehat kok bagus,positif,0.9955701231956482
makan bergizi gratis tidak bung itu makan beracun gratis di dekat tempatku kakak bayangkan mbg pakai kacang rebus susu sama roti,positif,0.9505736231803894
di wilayah aku allhamdulilah makanannya bikin nagih terus,positif,0.9986121654510498
aku saja di kasih racun sama kakak kakak ya anjing tukaran sama kelapa sekolah,negatif,0.9980502128601074
ikan lele goreng ikan hiu goreng,positif,0.9764218330383301
mbh dari uang rakyat,netral,0.993584930896759
memang ini negara korupnya sudah jadi kewajiban asli sudah diluar akal sehat selagi tidak ada hukuman berat buat para koruptor akan ada terus sampai kapanpun dan rakyat selalu yang jadi korban,negatif,0.9993464350700378
beruntung sekali yang depet mbg enak,positif,0.9988328814506531
bukan ya bergizi malah beracun,negatif,0.9970889687538147
indonesia emas indonesia cemas,negatif,0.9979276657104492
padahal daging ikan hiu itu agak pesing malah dijadikan menu mbg kwkwk,negatif,0.9718195199966431
ibunya susah menyesekolahkan eh anaknya keracunan kesal ibukita dan tidak mau tanggung jawab sekolahnya anjing,negatif,0.999523401260376
rakyat sama pemerintah itu mirip mirip kalau soal korupsicuma beda di jabatan saja pemerintah korupsi setiap ada kesempatan rakyat pun juga sama ajklo ada kesempatan pasti korupsi sudah,negatif,0.9994747042655945
karena systemnya itu mitra kerja sama kakak indonesia terlalu luas jadi untuk program seperti ini susah terlealisasi secara langsung dimana untuk system kerja sama mitra dapur mbg ini siapa punya tempat dan lahan bisa dafdar dengan menyediakan stok bahan makanan untuk satu pekan dan akan diganti oleh pemerintah satu pekan selanjutnya dan kifa tau kalau program ini ditentang oleh banyak pihak apalagi uruaanya makanan gampang kena sesuatu yang bikin gejala gejala,negatif,0.9423205256462097
sppg hanya ngikut perintah kepala dapur,negatif,0.9655991792678833
mbgmakanan beracun gratis,negatif,0.9992017149925232
ğ”¸ğ•„ğ”¹ğ•€ğ•ƒğƒterpopuler saat ini,positif,0.9959927201271057
kakak menurutku ikan hiu itu enak loh kakak,positif,0.9982563853263855
mbg itu bukan singkatan makan bergizi gratis tapi makan beracun gratis,negatif,0.9047620296478271
teman aku yang makan,netral,0.9482015371322632
yang goblok itu mbg yang goblok,negatif,0.9991219639778137
tapi kalau di aceh memang ada yang makan ikan hiu dan enak,positif,0.9938337802886963
yang menerima mbg sama yang keracunan ribu masih aman argggghhhhh,negatif,0.9972840547561646
mantap informasinya,positif,0.9993127584457397
ibarat perusahaan qc ya buruk karena output ya racun,negatif,0.9994465708732605
aku suka ikan hiu kakak,positif,0.998892605304718
alhamdulilah di sekolahku sih aman ya mbgnya,positif,0.9977859258651733
makanan berpotensi gumoh,negatif,0.9455574154853821
ya kalau menunya mi gacoan katsuitu sudah tidak sehat lagi dong,negatif,0.9931561350822449
sama makan b bercun tidak gratis mbg makan beracun gratis,positif,0.9633907079696655
yang dikit ya di korupsi,negatif,0.9993124008178711
lucu jir keracunan tanggung jawab orang tua wadah hilang tanggung jawab orang tua,negatif,0.9406219124794006
mbgmakan beracun gratis,negatif,0.9983996748924255
itu bukan makan gratis kita bayar pakai pajak sebagai yang bayar kita punya kewajiban menuntut hak kita agar dilayani dengan baik camkan itu,negatif,0.994330883026123
adek inoen terbawa,positif,0.9766557812690735
program nya bagustpi eksekutor nya busuk tidak mungkin tidak dikorupsi lah ya itu anggaran mbg anggaran apapun di indonesia itu ibaratnya seperti air terjun yang mengalir deres tapi semakin kbawah semakin kecil aliran airnye,negatif,0.9950834512710571
geloh ikan hiu tidak itu kenapa tidak sekalian ikan tuna goreng,negatif,0.9661254286766052
mie gacoan juga sepertinya kurang bergizi,negatif,0.9986490607261658
anjing semangka apaan itu,negatif,0.9978522062301636
prabowo buat buat tolong gaza padahal rakyat makan racun,negatif,0.9910967350006104
yang ada malahan makan beracun gratis,negatif,0.9940306544303894
prabowo peduli apa gwejh,negatif,0.9953247308731079
grup yang belum dapat mbg,netral,0.9973658919334412
menurutku kayaknya piringnya yang beracun,negatif,0.9981473684310913
karena vendor ya korupsi anggaran mbg,negatif,0.9982631802558899
untung di aku tidak dikasih program mbg,negatif,0.9638187289237976
omong kakak kayaknya kamu manas sin sih apalagi soal surat itusurat itu kayaknya dari madrasa bukan dari pusat,negatif,0.9900985360145569
asikk di korupsi muludi ousat bagaimana di kasih dana giliran di salurkan malah di korupsi tahi,negatif,0.997363269329071
negara korupsi,negatif,0.9974088072776794
itulah pemerintah kita yang merajalela seolah korupsi semakin tidak terkendaliemang sih dari pejabat sipil sampai atasan sama saja kasus mana lagi yang tidak bisa di selesaikan pov pejabat,negatif,0.9993606209754944
tapi di sekolah aku aman aman saja kok bang sudah hampir setahun program itu berjalan aku dan teman aku pada tidak pernah itu dapat makanan yang basi masih pada segar semua makanannya jadi intinya tidak di semua wilayah program mbg itu jadi makanan beracun gratis disini di maros sulsel saja aman aman saja kok bnag terimakasih bapak prabowo,positif,0.9924174547195435
chicken katsu mi gacoan kau bilang sehat kakak riceball masih ok lah sehat,netral,0.9288867115974426
aku dukung terus bro ğ‘¨ğ‘´ğ‘©ğ‘°ğ‘³ğƒ,positif,0.9982329607009888
masya allah semangka ya seperti papir begitu kok bisa yahbener koruptor sudah mndarah daging di lapisan manusia serakah dimana pun berada,negatif,0.9992825388908386
mending bikin dapur jir jadi masak langsung mengasih daripada masak malam dan menunggu jam siang sempat basi makanan ya mending dapur saja terus di buat seperti prasmanan tapi yang mengasih adalah staf jadi teratur dan tidak ada siswa yang serakah seperti luar negeri ada kantin ya dan sedia mejanya dipada seperti begini banyak keracunan karena keburu basi,negatif,0.9722862839698792
aku juga makan sekolah geratis,netral,0.9800296425819397
siapa yang setutju mbg untuk koruptor saja,negatif,0.9993818998336792
kalau pihak sekolah masih lah bisa diwajarin kalau tidak ngambil tanggung jawab tapi bagaimana ceritanya panitia yang mengawasi proses pembuatannya malah tidak mau dimintai tanggung jawab,negatif,0.998405396938324
mie gacoan bergizi ya,positif,0.9961367249488831
aku tidak keracunan kok mungkin tukang masak di daerah mereka itu korupsi kakak,negatif,0.9920108914375305
menurut aku bagaimana pengelola ya sih soalnya itu kan suka ada yang menawari mau tidak jadi yang masak di dapur mbg gitu kan terus kata yang ngajaknya lumayan bisa beli yang lebih murahjdi dapat uang ya juga di korupsi gitu bukan pemerintah saja rakyat pun korupsi juga,negatif,0.998089611530304
disitu doang yang enak,negatif,0.9458730816841125
benerbener berkualitas tidak hanya buat ditonton ğ”¸ğ•„ğ”¹ğ•€ğ•ƒğƒtapi bisa jadi bahan renungan juga teruskan bikin konten seperti begini,positif,0.996758759021759
indonesia pusaka indonesia busuk,negatif,0.9988492727279663
woooyyy sedari awal ini program sudah bermasalah ini program politik habis,negatif,0.9994649291038513
jadi kesalahan mbg ini ada di sekolahnya,negatif,0.9990168809890747
koar hukum mati koruptor rakyatnya juga sama saja kelakuannya jir,negatif,0.9994938373565674
program gagal parah,negatif,0.9994646906852722
taka ibu aku kalau makanan lebih tidak boleh kalau beracun atau tidak beracun tapi aku ya tidak mau,negatif,0.9927910566329956
programnya bagus tapi pelaksanaannya tidak dikontrol,negatif,0.9938392043113708
karena tidak ada sehat ya,negatif,0.9864711165428162
di tempat aku ada burger,positif,0.955815315246582
